id,question
0,What type of tissue does Epithelial refer to in pathology?
0,Can you provide details about the MoNuSAC dataset?
0,What is the main focus of segmentation tasks in histopathology?
0,Which model is utilized for segmenting epithelial cell nuclei?
0,Are there any other models available for analyzing epithelial tissues?
1,What types of immune cells does MoNuSAC focus on?
1,Can you describe the main application of the Hover-Net model?
1,What is the role of segmentation in analyzing lymphocytes?
1,Which datasets are best for studying lymphocyte structures?
1,How effective is Hover-Net in segmenting different cell nuclei?
2,What characteristics define macrophages in histopathology?
2,Can you recommend datasets for studying macrophage nuclei?
2,What type of segmentation techniques are used for macrophage analysis?
2,Which models are suitable for macrophage nuclei detection?
2,How does MoNuSAC contribute to macrophage research?
3,What types of cells are classified under neutrophils?
3,Can you tell me about the MoNuSAC dataset?
3,What specific analysis tasks can be performed on neutrophils?
3,Which model is commonly used for segmenting neutrophils?
3,How effective is Hover-Net for analyzing neutrophil images?
4,What characteristics define epithelial cell nuclei?
4,Can you explain the classification tasks associated with epithelial nuclei?
4,Which datasets are available for studying epithelial cell nuclei?
4,What model is recommended for analyzing epithelial cell types?
4,How does the PanNuke dataset support epithelial nuclei research?
5,What is a lymphocyte and its significance in histopathology?
5,Can you provide information about the PanNuke dataset related to lymphocytes?
5,What classification tasks can be performed using lymphocyte data?
5,Which models are effective for analyzing lymphocyte images?
5,How does ResNet perform in lymphocyte classification tasks?
6,What characteristics define macrophages in histopathological studies?
6,Can you explain the PanNuke dataset and its relevance to macrophages?
6,What classification tasks are associated with macrophages in this context?
6,"Which models are effective for analyzing macrophage nuclei, specifically ResNet?"
6,"How does ResNet perform in classifying different types of cell nuclei, including macrophages?"
7,What characteristics define neutrophils in histopathological analysis?
7,Which dataset includes neutrophil samples for study?
7,What classification tasks can be performed with neutrophil data?
7,What model is best suited for analyzing neutrophils?
7,How can one access the PanNuke dataset for neutrophil research?
8,What is the significance of plasma cells in histopathological analysis?
8,Which dataset is commonly used for studying plasma cells?
8,What type of tasks can be performed related to plasma cells?
8,What model is recommended for detecting plasma cells?
8,How can I access and utilize the Camelyon16 dataset for my research?
9,What is the significance of fibroblasts in lung tissue analysis?
9,Can you provide datasets for studying fibroblast nuclei?
9,What segmentation techniques are available for fibroblast detection?
9,Which models are suitable for analyzing fibroblast nuclei in lung samples?
9,How does DeepLab perform in segmenting fibroblasts from histopathological images?
10,What is the role of epithelial cell nuclei in histopathology analysis?
10,Can you tell me more about the CoNSeP dataset related to epithelial cells?
10,What classification tasks are typically performed on epithelial nuclei?
10,Which models are effective for analyzing epithelial cell types?
10,How does Inception-V3 perform in classifying epithelial nuclei?
11,What specific role do lymphocytes play in histopathology?
11,Can you provide details about the CoNSeP dataset for lymphocyte analysis?
11,What are the main tasks associated with analyzing lymphocytes?
11,How does the U-Net model specialize in lymphocyte segmentation?
11,Are there other models that can be used for lymphocyte analysis?
12,What is the role of macrophages in histopathology analysis?
12,Can you provide details about the TNBC dataset related to macrophages?
12,What tasks can be performed with macrophage nuclei in histopathological studies?
12,Which model is optimal for analyzing macrophage nuclei in the TNBC dataset?
12,How does segmentation differ from classification when studying macrophages?
13,What characteristics define neutrophils in histopathological studies?
13,Which dataset includes information on neutrophils and their analysis?
13,What specific detection tasks can be performed on neutrophils?
13,How is Mask R-CNN utilized in the context of neutrophil identification?
13,Are there other models available for analyzing neutrophils in similar datasets?
14,What are the characteristics of plasma cells in histopathology?
14,Can you provide details about the MoNuSAC dataset related to plasma cells?
14,What kind of tasks are associated with analyzing plasma cells?
14,"Which models, such as ResNet, are effective for plasma cell segmentation?"
14,How can plasma cell segmentation improve diagnostic accuracy?
15,What characteristics define fibroblast nuclei in histopathology?
15,Which dataset can be used to study fibroblast cells?
15,What classification tasks are associated with fibroblast analysis?
15,What model is recommended for analyzing fibroblast nuclei?
15,How can PanNuke dataset enhance fibroblast classification studies?
16,What is the significance of Epithelial cell nuclei in histopathology?
16,Which dataset is suitable for studying lung-related cell nuclei?
16,What specific tasks can be performed with Epithelial nuclei in the context of detection?
16,How does Inception-V3 perform in detecting Epithelial cell types?
16,Are there any alternative models for analyzing Epithelial nuclei in lung datasets?
17,What are the characteristics of lymphocyte nuclei in histopathology?
17,Could you list the datasets that include lymphocyte nuclei for analysis?
17,What specific tasks can be performed with lymphocyte nuclei data?
17,Which models are typically used for segmenting lymphocyte nuclei?
17,How does the Camelyon16 dataset relate to lymphocyte analysis?
18,What is the role of macrophages in histopathology?
18,Can you provide information on the TNBC dataset specific to macrophages?
18,What classification methods are available for analyzing macrophages?
18,Which models are commonly used for identifying macrophage cell types?
18,How does ResNet perform in macrophage classification tasks?
19,What are the primary functions of neutrophils in histopathology?
19,Can you provide details about the CoNSeP dataset related to neutrophils?
19,What specific segmentation and classification tasks can be performed on neutrophils?
19,Which algorithms are implemented in the Hover-Net model for neutrophil analysis?
19,How does the CoNSeP dataset enhance neutrophil identification and analysis?
20,What is the role of plasma cells in histopathology?
20,Can you provide details about the PanNuke dataset related to plasma cells?
20,What kind of detection tasks are involved with plasma cells?
20,Which models are effective for identifying plasma cells in images?
20,How does Mask R-CNN perform in the context of plasma cell detection?
21,What are the main characteristics of fibroblast cell nuclei?
21,Can you provide information about the Camelyon16 dataset related to fibroblasts?
21,What is the primary task associated with fibroblast cell nuclei analysis?
21,Which model is typically used for segmenting fibroblast nuclei?
21,How does DeepLab perform in the segmentation of fibroblast nuclei compared to other models?
22,What are the characteristics and functions of epithelial cell nuclei?
22,Which dataset can I use for analyzing epithelial nuclei types?
22,What classification tasks are associated with epithelial cell nuclei?
22,Are there specific models recommended for examining epithelial nuclei?
22,How does Inception-V3 perform on the MoNuSAC dataset for epithelial analysis?
23,What is the primary function of lymphocytes in histopathological analysis?
23,Which dataset features lymphocyte detection tasks?
23,Can you explain the U-Net model's application in lymphocyte identification?
23,What steps are involved in detecting lymphocytes within lung tissue samples?
23,Are there any other models used for lymphocyte detection besides U-Net?
24,What are the characteristics of macrophage nuclei in histopathology?
24,Can you provide details about the PanNuke dataset for macrophage analysis?
24,What specific segmentation tasks are relevant for macrophages?
24,"Which models, like ResNet, are effective for studying macrophage nuclei?"
24,How can I access or utilize the PanNuke dataset for macrophage segmentation?
25,What is the primary dataset used for analyzing Neutrophils?
25,Can you list the tasks related to Neutrophil analysis?
25,Which model is recommended for Neutrophil segmentation?
25,What types of analyses can be performed on Neutrophils?
25,How does the MoNuSAC dataset contribute to Neutrophil research?
26,What are the characteristics of plasma cells in histopathology?
26,Which dataset includes plasma cell images for analysis?
26,What types of tasks can be performed using plasma cell data?
26,What model is suitable for classifying plasma cells?
26,How does ResNet perform in classifying plasma cells compared to other models?
27,What is the significance of fibroblast nuclei in histopathology?
27,Can you provide details about the TNBC dataset related to fibroblast analysis?
27,What are the primary tasks involving fibroblast detection in tissue samples?
27,How does Mask R-CNN perform in identifying fibroblast nuclei?
27,What insights can be gained from analyzing fibroblast types in cancer research?
28,What characteristics define epithelial cell nuclei in histopathology?
28,Can you provide details on the CoNSeP dataset used for epithelial analysis?
28,What segmentation tasks are associated with epithelial cell nuclei?
28,"Which models are commonly utilized for analyzing epithelial nuclei, specifically DeepLab?"
28,How effective is the DeepLab model in the segmentation of epithelial cell structures?
29,What is the role of lymphocytes in histopathological studies?
29,Can you provide details about the Camelyon16 dataset related to lymphocytes?
29,What classification tasks can be performed with lymphocyte data?
29,Which model is best suited for classifying lymphocytes in the Camelyon16 dataset?
29,Are there any other datasets that include lymphocyte analysis?
30,What characteristics define macrophages in histopathology?
30,Can you provide details about the LUNG dataset used for macrophage analysis?
30,What are the primary tasks associated with macrophage identification?
30,How does the U-Net model perform in macrophage detection?
30,Are there specific challenges in detecting macrophages in lung tissue?
31,What is the role of neutrophils in histopathology?
31,Can you provide details about the PanNuke dataset?
31,What tasks are associated with neutrophil analysis?
31,Which model is recommended for segmenting neutrophils?
31,How does ResNet perform in cell nuclei segmentation tasks?
32,What are the characteristics of plasma cells in histopathology?
32,Can you tell me about the MoNuSAC dataset related to plasma cells?
32,What tasks are associated with analyzing plasma cells in this context?
32,How does Hover-Net perform in classifying plasma cells?
32,Are there other models available for plasma cell analysis besides Hover-Net?
33,What characteristics define fibroblast nuclei in histopathology?
33,Can you provide information about the MoNuSAC dataset focusing on fibroblasts?
33,What specific segmentation tasks can be performed on fibroblast nuclei?
33,Which algorithms or models are effective for analyzing fibroblast cell nuclei?
33,How does Mask R-CNN perform in segmenting fibroblast nuclei compared to other models?
34,What is the significance of epithelial cell nuclei in histopathology?
34,Can you provide details about the TNBC dataset used for analysis?
34,What classification tasks can be performed with epithelial cell nuclei?
34,How does DeepLab model assist in analyzing epithelial nuclei types?
34,Are there any other datasets or models relevant to epithelial nuclei?
35,What is the role of lymphocytes in histopathology?
35,Can you provide details about the LUNG dataset related to lymphocytes?
35,What tasks are associated with detecting lymphocytes?
35,Which models are commonly used for lymphocyte detection?
35,How does Inception-V3 perform in identifying lymphocyte types?
36,What characteristics define the macrophage cell type in histopathology?
36,Can you provide details about the Camelyon16 dataset?
36,What specific tasks can be performed using macrophage nuclei data?
36,Which models are typically used for analyzing macrophages in tissue samples?
36,How does segmentation work in the context of macrophage identification?
37,What are the characteristics of neutrophils in histopathology studies?
37,Can you provide details about the CoNSeP dataset related to neutrophils?
37,What tasks are commonly performed on neutrophil samples?
37,Which models are typically used for analyzing neutrophils?
37,How does segmentation and classification apply to neutrophil analysis?
38,What are the typical characteristics of plasma cells in histopathology?
38,Which dataset is primarily used for studying plasma cell detection?
38,Can you explain the detection tasks related to plasma cells?
38,What is the role of Hover-Net in analyzing plasma cells?
38,Are there any other models suitable for detecting plasma cells?
39,What are the characteristics of fibroblast nuclei?
39,What is the TNBC dataset used for in histopathology?
39,Can you explain the segmentation task in the context of fibroblast analysis?
39,What models are effective for segmenting fibroblast nuclei?
39,How does DeepLab perform in segmenting cell types like fibroblasts?
40,What characteristics define lymphocyte nuclei?
40,Which datasets are available for studying lymphocyte segmentation?
40,What specific tasks can be accomplished with lymphocyte images?
40,How effective is Mask R-CNN for lymphocyte detection tasks?
40,Are there any alternative models for analyzing lymphocyte nuclei apart from Mask R-CNN?
41,What information can you provide about macrophage nuclei?
41,Which dataset is used for analyzing macrophages in lung tissue?
41,What are the main tasks involved in studying macrophages?
41,Can you explain the Hover-Net model in the context of macrophage detection?
41,How does the LUNG dataset contribute to macrophage analysis?
42,What are the characteristics of neutrophils in histopathology?
42,Can you provide information about the Camelyon16 dataset related to this cell type?
42,What classification tasks can be performed on neutrophils?
42,Which models are suitable for analyzing neutrophils?
42,How is the DeepLab model applied in neutrophil analysis?
43,What is a Plasma Cell and its significance in histopathology?
43,Can you explain the MoNuSAC dataset and its relevance to Plasma Cells?
43,What methodologies exist for segmenting Plasma Cells in histological images?
43,How effective is the Inception-V3 model for analyzing Plasma Cells?
43,Are there other datasets available for studying Plasma Cells apart from MoNuSAC?
44,What characteristics define fibroblast nuclei in histopathology?
44,Are there any specific challenges in classifying fibroblast cell nuclei?
44,Can you provide examples of datasets used for analyzing fibroblast types?
44,What role does the U-Net model play in fibroblast classification?
44,How is the PanNuke dataset structured for fibroblast analysis?
45,What are the characteristics of epithelial cell nuclei?
45,Which dataset is commonly used for studying epithelial tissues?
45,What type of analysis involves detecting epithelial cells?
45,What model architecture is preferred for detecting epithelial cell nuclei?
45,How does Camelyon16 contribute to epithelial cell research?
46,What is the role of lymphocytes in tissue analysis?
46,Can you provide examples of studies using the LUNG dataset for lymphocytes?
46,What techniques are used for segmenting and classifying lymphocytes?
46,How does Hover-Net perform in identifying lymphocyte types?
46,Are there other datasets besides LUNG that include lymphocyte information?
47,What are the characteristics of macrophages in histopathological analysis?
47,Can you tell me about the MoNuSAC dataset related to macrophages?
47,What tasks are typically performed when classifying macrophages?
47,Which models are effective for macrophage detection and segmentation?
47,How is Mask R-CNN utilized in macrophage classification tasks?
48,What are the characteristics of neutrophils in histopathology?
48,Which dataset is commonly used for analyzing neutrophils?
48,What type of analysis is performed on neutrophils?
48,What models are suitable for segmenting neutrophils?
48,How does DeepLab perform in segmenting cell nuclei types?
49,What are the characteristics of Plasma Cells in histopathology?
49,Can you tell me about the CoNSeP dataset and its relevance?
49,What is the primary task associated with analyzing Plasma Cells?
49,Which models are suitable for classifying Plasma Cells?
49,How does Inception-V3 perform in Plasma Cell classification tasks?
50,What are the characteristics of fibroblast nuclei?
50,Which dataset is best for analyzing fibroblast cells?
50,What detection tasks can be performed on fibroblast nuclei?
50,How does U-Net model apply to fibroblast analysis?
50,Are there any specific challenges in detecting fibroblast cells?
51,What types of tasks are suitable for epithelial cell nuclei analysis?
51,Which dataset is commonly used for studying epithelial cells?
51,Can you provide examples of models utilized for epithelial nuclei segmentation?
51,What specific segmentation techniques are best for analyzing lung-derived epithelial nuclei?
51,Are there any notable research studies focusing on epithelial nuclei in lung tissues?
52,What is the role of lymphocytes in histopathology?
52,Can you provide details about the TNBC dataset used for lymphocyte analysis?
52,What classification tasks can be performed on lymphocyte nuclei?
52,How does the Hover-Net model specifically analyze lymphocyte types?
52,What insights can be gained from studying lymphocytes in the context of TNBC?
53,What are the primary functions of macrophages in histopathology?
53,Can you provide details about the Camelyon16 dataset related to macrophages?
53,What types of tasks can be performed with macrophage data?
53,How does Mask R-CNN work for segmenting and classifying macrophages?
53,Are there other datasets available for studying macrophages in pathology?
54,What dataset is used for studying neutrophils?
54,What type of analysis is performed on neutrophils?
54,Which model is employed for detecting neutrophils?
54,Can you provide insights on neutrophil identification in MoNuSAC?
54,How is DeepLab applied in the context of neutrophil detection?
55,What is the role of plasma cells in histopathology?
55,Can you provide information about the PanNuke dataset?
55,What tasks are associated with analyzing plasma cells?
55,Which models are suitable for plasma cell segmentation?
55,How effective is Inception-V3 for this type of analysis?
56,What role do fibroblasts play in lung tissue analysis?
56,Can you provide examples of datasets focusing on fibroblast identification?
56,What are the main tasks involved in classifying fibroblast cells?
56,Which models are most effective for assessing fibroblasts in lung samples?
56,How does U-Net architecture apply to studying fibroblasts?
57,What characteristics define the Epithelial nuclei type?
57,Can you provide information about the CoNSeP dataset?
57,What type of tasks are associated with Epithelial cell nuclei?
57,Which models can be used for detecting Epithelial nuclei?
57,How does ResNet perform in epithelial nuclei detection tasks?
58,What are the primary functions of lymphocytes in tissue analysis?
58,Can you provide information on the Camelyon16 dataset and its relevance to lymphocyte studies?
58,What tasks can be performed with lymphocyte data in histopathology?
58,Which model is most effective for working with lymphocytes in the context of segmentation and classification?
58,How does the Hover-Net model specifically handle lymphocyte segmentation?
59,What insights can be gained from analyzing macrophage nuclei?
59,What dataset is utilized for studying macrophages in histopathology?
59,Which tasks are performed using macrophage cell nuclei data?
59,What model is recommended for classifying macrophage nuclei?
59,How does the PanNuke dataset contribute to macrophage research?
60,What is the role of neutrophils in histopathology?
60,Can you provide information about the MoNuSAC dataset used for neutrophil analysis?
60,What are the segmentation tasks associated with neutrophil identification?
60,Which models are effective for analyzing neutrophils in tissue samples?
60,How does DeepLab perform in segmenting neutrophils compared to other models?
61,What type of analysis can be performed on fibroblast nuclei?
61,Which dataset is used for studying lung-related fibroblast nuclei?
61,What methods are available for detecting fibroblast nuclei?
61,What model architecture is commonly applied to fibroblast detection tasks?
61,Can you provide examples of datasets that include fibroblast nuclei analysis?
62,What specific characteristics define epithelial cell nuclei?
62,Can you provide details on the TNBC dataset related to epithelial nuclei?
62,What methods are commonly used for segmenting epithelial cell nuclei?
62,How does ResNet perform in the analysis of epithelial nuclei?
62,Are there alternative models to ResNet for epithelial nuclei segmentation?
63,What types of immune cells are classified in the MoNuSAC dataset?
63,Which specific task is associated with lymphocytes in the analysis?
63,Can you provide details about the Hover-Net model and its application?
63,What is the primary focus of the MoNuSAC dataset regarding cell types?
63,In which context are lymphocytes classified using the Hover-Net model?
64,What characteristics define the macrophage cell type in histopathology?
64,Can you provide details about the Camelyon16 dataset?
64,What specific segmentation tasks are associated with macrophages?
64,Which models are effective for analyzing macrophage nuclei?
64,How does Mask R-CNN perform in segmenting macrophage cells?
65,What are the primary functions and characteristics of neutrophils in histopathology?
65,Can you provide insights into the PanNuke dataset and its relevance to neutrophil analysis?
65,What methods are available for segmenting and classifying neutrophils in images?
65,"Which models are utilized for analyzing neutrophils, specifically with regard to DeepLab?"
65,How can I effectively use segmentation and classification tasks in studying neutrophils?
66,What is the role of plasma cells in histopathology?
66,Can you provide details about the PanNuke dataset related to plasma cells?
66,What detection methods are used for plasma cells?
66,How does Inception-V3 perform in identifying plasma cells?
66,Are there other models that can detect plasma cells besides Inception-V3?
67,What characteristics define fibroblast nuclei in histopathology?
67,Can you provide details about the CoNSeP dataset used for fibroblast analysis?
67,What methods are available for classifying fibroblast nuclei?
67,How effective is the U-Net model for identifying fibroblast types?
67,Are there specific challenges in classifying fibroblast nuclei in images?
68,What information does the MoNuSAC dataset provide regarding epithelial cells?
68,Which specific detection tasks can be performed on epithelial nuclei?
68,Are there models other than ResNet available for analyzing epithelial cell types?
68,How is the ResNet model applied to detect epithelial nuclei?
68,What are the key features of the MoNuSAC dataset focusing on epithelial structures?
69,What is the classification of Lymphocyte nuclei?
69,Which dataset is used for analyzing Lymphocyte types?
69,What is the primary task associated with Lymphocytes in histopathology?
69,Which model is recommended for Lymphocyte segmentation?
69,Are there other tasks or datasets for Lymphocyte analysis?
70,What are the characteristics of macrophages in TNBC datasets?
70,Which models are effective for classifying macrophages?
70,How does Mask R-CNN perform in macrophage identification?
70,Are there specific classification criteria for macrophages?
70,What role do macrophages play in breast cancer analysis?
71,What is the role of neutrophils in histopathology?
71,Can you provide information about the Camelyon16 dataset?
71,What tasks are associated with analyzing neutrophils?
71,Which models are effective for segmenting neutrophils?
71,How does DeepLab perform in neutrophil segmentation tasks?
72,What is a plasma cell in histopathology?
72,What dataset is used for studying plasma cells?
72,Which classification tasks can be performed on plasma cells?
72,What models are suitable for analyzing plasma cells?
72,Can you provide examples of how Inception-V3 is applied to plasma cell classification?
73,What role do fibroblasts play in histopathological analysis?
73,Can you provide details about the MoNuSAC dataset related to fibroblasts?
73,What detection tasks are associated with fibroblast analysis?
73,Which models are commonly used for detecting fibroblast nuclei?
73,How effective is the U-Net model for fibroblast detection in the MoNuSAC dataset?
74,What characteristics define Epithelial cell nuclei?
74,Which dataset is utilized for studying Epithelial cells?
74,What analytical tasks can be performed on Epithelial nuclei data?
74,What model is recommended for Epithelial nuclei classification?
74,How does segmentation apply to Epithelial nuclei analysis?
75,What datasets are suitable for analyzing lymphocytes?
75,Can you explain the detection process for lymphocyte cells?
75,Which models are effective for lymphocyte detection tasks?
75,Are there specific challenges in identifying lymphocytes in histopathology?
75,How does the TNBC dataset relate to lymphocyte analysis?
76,What are the characteristics of macrophage nuclei in histopathology?
76,Can you provide insights on the PanNuke dataset specifically for macrophage analysis?
76,What tasks are typically associated with studying macrophages in tissue samples?
76,How does Mask R-CNN perform in segmenting macrophages from other cell types?
76,Are there alternative models to Mask R-CNN for macrophage segmentation in datasets?
77,What are the characteristics of neutrophils in histopathology?
77,Can you provide information about the LUNG dataset related to neutrophils?
77,What classification tasks are available for analyzing neutrophils?
77,Which models can be used for neutrophil segmentation?
77,How does DeepLab perform in identifying neutrophils compared to other models?
78,What is the primary function of plasma cells in histopathology?
78,Can you provide details about the MoNuSAC dataset and its relevance to plasma cell analysis?
78,What methodologies can be applied for detecting plasma cells in tissue samples?
78,"Which algorithms or architectures, like Inception-V3, are effective for identifying plasma cells?"
78,Are there any specific challenges in plasma cell detection that researchers should be aware of?
79,What is the significance of fibroblast cell nuclei in histopathology?
79,Can you provide details about the PanNuke dataset related to fibroblasts?
79,"What tasks can be performed on fibroblast nuclei, particularly in segmentation?"
79,"Which model is recommended for analyzing fibroblast cell nuclei, and why?"
79,Are there any specific challenges when segmenting fibroblast nuclei in histological images?
80,What is the significance of epithelial cell nuclei in histopathology?
80,Can you tell me more about the CoNSeP dataset and its features?
80,What classification tasks can be performed on epithelial cell nuclei?
80,Which models are best suited for analyzing epithelial cells?
80,How does ResNet operate in the context of cell nuclei classification?
81,What are the characteristics of macrophages in histopathology?
81,Which dataset focuses on lung-related cell nuclei analysis?
81,What kind of task is typically performed with macrophage data?
81,What model is commonly used for macrophage segmentation?
81,How can I access the lung dataset related to macrophages?
82,What are the primary characteristics of neutrophils in histopathological analysis?
82,Which dataset is commonly used for researching neutrophils?
82,What techniques are employed for analyzing neutrophils in pathology?
82,What machine learning models are effective for neutrophil identification?
82,How does the DeepLab model perform in classifying neutrophils?
83,What can you tell me about Plasma Cells in histopathological studies?
83,Which dataset is used for analyzing Plasma Cells?
83,What specific task is associated with the detection of Plasma Cells?
83,What model architecture is employed for Plasma Cell detection?
83,Are there any notable features of the Camelyon16 dataset related to Plasma Cells?
84,What is the significance of epithelial cell nuclei in histopathology?
84,Can you provide details about the TNBC dataset used for epithelial nuclei analysis?
84,What classification tasks are typically performed with epithelial nuclei?
84,"Which models, like ResNet, are effective for identifying epithelial cells?"
84,How does ResNet perform in classifying epithelial nuclei compared to other models?
85,What is the function of lymphocytes in histopathology?
85,Can you provide information on the CoNSeP dataset related to lymphocyte detection?
85,What are the tasks involved in detecting lymphocytes?
85,How does Hover-Net perform in identifying lymphocytes?
85,Are there other datasets available for lymphocyte analysis?
86,What is the role of macrophages in histopathology?
86,Can you provide details about the MoNuSAC dataset?
86,What kind of segmentation tasks can be performed on macrophages?
86,Which models are most effective for analyzing macrophage nuclei?
86,How does Mask R-CNN work for cell nuclei segmentation?
87,What role do neutrophils play in histopathological studies?
87,Can you tell me about the PanNuke dataset and its relevance to neutrophil analysis?
87,What classification techniques are suitable for identifying neutrophils?
87,How does the DeepLab model perform on neutrophil segmentation tasks?
87,Are there any specific applications of neutrophil classification in medical diagnostics?
88,What are the characteristics of plasma cells in histopathology?
88,Which dataset contains plasma cell images for analysis?
88,What detection tasks can be performed on plasma cells?
88,What model is recommended for detecting plasma cells in lung samples?
88,How can I improve detection accuracy for plasma cells using Inception-V3?
89,What type of cell is involved in this analysis?
89,Which dataset is associated with fibroblast nuclei?
89,What are the main tasks related to fibroblast segmentation?
89,What model is recommended for working with this cell type?
89,How can I access the TNBC dataset for further research?
90,What type of cell nuclei does this application focus on when analyzing samples?
90,Can you explain the main dataset utilized for studying these cell types?
90,What is the primary purpose of analyzing these nuclei in the context of this application?
90,Which model is recommended for the classification task involving this cell type?
90,Are there specific challenges associated with identifying epithelial nuclei?
91,What are the characteristics of lymphocyte nuclei?
91,Which dataset is used for studying lymphocytes?
91,What tasks are performed with lymphocyte nuclei analysis?
91,Can you provide information on models suitable for lymphocyte detection?
91,How effective is EfficientNet in identifying lymphocyte types?
92,What is the role of macrophages in histopathology?
92,Which dataset focuses on lung cell nuclei analysis?
92,Can you explain the segmentation process for macrophages?
92,What models are utilized for analyzing macrophage nuclei?
92,How does FPN perform in segmenting lung macrophages?
93,What is the significance of neutrophils in histopathology?
93,Can you describe the TNBC dataset used for studying neutrophils?
93,What classification tasks can be performed on neutrophil data?
93,How does DenseNet contribute to analyzing neutrophils?
93,Are there specific challenges when classifying neutrophils in histopathological images?
94,What type of cells are classified as plasma cells?
94,Which dataset is used for analyzing plasma cells?
94,What type of analysis task is performed on plasma cells?
94,What model is employed for plasma cell detection?
94,Can you provide details about the MoNuSAC dataset in relation to plasma cells?
95,What is the role of fibroblast nuclei in tissue analysis?
95,Can you tell me about the PanNuke dataset related to fibroblast nuclei?
95,What tasks are commonly performed with fibroblast nuclei data?
95,Which models are effective for segmenting fibroblast nuclei?
95,How does UNet++ improve segmentation of fibroblast nuclei?
96,What type of tissues does the Epithelial cell nuclei belong to?
96,Can you provide details about the CoNSeP dataset?
96,What specific image analysis task is suitable for Epithelial cell nuclei?
96,Which deep learning model is recommended for working with this nuclei type?
96,Are there any specific challenges associated with segmenting Epithelial nuclei?
97,What information can I find about lymphocytes in histopathology?
97,Are there datasets focused on lymphocyte analysis?
97,What tasks can I perform using lymphocyte data?
97,Which models are effective for detecting lymphocytes?
97,How can I access the MoNuSAC dataset for lymphocyte research?
98,What are the characteristics of macrophages in histopathology?
98,Which dataset is associated with studying macrophages?
98,What classification task can be performed with macrophage data?
98,Which model is recommended for analyzing macrophages?
98,How effective is VGG16 in classifying macrophage types?
99,What is the role of neutrophils in lung tissue analysis?
99,Can you provide datasets related to neutrophil detection?
99,Which tasks are associated with the analysis of neutrophils?
99,What models are effective for identifying neutrophils in images?
99,How does YOLOv4 perform in detecting neutrophils compared to other models?
100,What datasets are available for studying plasma cells?
100,Which models are recommended for classifying plasma cells?
100,Can plasma cells be classified using the PanNuke dataset?
100,What classification tasks are associated with plasma cells?
100,How does the Xception model perform in plasma cell analysis?
101,What is the role of fibroblast nuclei in tissue analysis?
101,Can you provide information on the TNBC dataset related to fibroblasts?
101,What segmentation tasks involve fibroblast nuclei?
101,Which models are used for analyzing fibroblast nuclei?
101,How does LinkNet perform in fibroblast nuclei segmentation?
102,What types of tasks can I perform with epithelial cell nuclei?
102,Which dataset is used for analyzing epithelial nuclei?
102,Can you provide information on the model suitable for detecting epithelial cells?
102,What is the primary purpose of the MoNuSAC dataset?
102,How does YOLOv5 enhance epithelial nuclei detection capabilities?
103,What type of immune cell is represented in this context?
103,Can you provide details about the Camelyon17 dataset?
103,What kind of analytical task is associated with lymphocytes?
103,Which deep learning architecture is utilized for this analysis?
103,How can I apply MobileNetV2 to lymphocyte classification in histopathology?
104,What datasets are available for studying macrophages?
104,Which detection models are used for analyzing lung macrophages?
104,How can I identify macrophages in lung tissue samples?
104,What are the main tasks involved in analyzing macrophage presence?
104,Is RetinaNet an effective model for macrophage detection in histopathology?
105,What characteristics define neutrophils in histopathological studies?
105,Which dataset is used for analyzing neutrophil nuclei?
105,What specific tasks are related to neutrophil analysis?
105,Can you explain the Dual Path Network's role in neutrophil segmentation?
105,Are there additional datasets or models for studying neutrophils?
106,What is the role of plasma cells in histopathology analysis?
106,Can you provide details about the CoNSeP dataset and its relevance?
106,What types of classification tasks are associated with plasma cells?
106,How effective is the EfficientNet-B3 model for identifying plasma cells?
106,Are there any other datasets that include plasma cell analysis?
107,What characteristics define fibroblast nuclei in histopathology?
107,Can you provide details on the Camelyon16 dataset for fibroblast analysis?
107,What detection methods are typically used for fibroblasts?
107,Which models are effective for analyzing fibroblast nuclei in this context?
107,How does RefineNet perform in the detection of fibroblast cells?
108,What is the significance of epithelial cell nuclei in histopathology?
108,Can you provide details about the MoNuSAC dataset and its relevance?
108,What are the main challenges in segmenting epithelial nuclei?
108,Which models are typically used for segmenting these cell types?
108,How does DenseUNet perform in the context of epithelial cell segmentation?
109,What is the relevance of lymphocytes in cancer studies?
109,Can you provide insights on the TNBC dataset related to lymphocytes?
109,What classification tasks can be performed on lymphocyte samples?
109,Which model is recommended for analyzing lymphocyte data?
109,How does NASNet perform in lymphocyte classification within the context of TNBC?
110,What is the primary function of macrophages in histopathology?
110,Which datasets are used for analyzing macrophage cell nuclei?
110,What specific task is associated with the detection of macrophages?
110,What models are available for detecting macrophages in images?
110,How effective is YOLOv3 for identifying macrophage cell types?
111,What role do neutrophils play in histopathology analysis?
111,Can you provide details about the CoNSeP dataset and its relevance to neutrophils?
111,What is the primary task associated with analyzing neutrophils?
111,Which model is most effective for segmenting neutrophils in images?
111,Are there any specific challenges when working with neutrophil segmentation in the context of CoNSeP?
112,What are the characteristics of plasma cells in histopathology?
112,Which datasets are suitable for studying plasma cells?
112,What specific detection tasks can be performed for plasma cells?
112,What model is recommended for analyzing plasma cell images?
112,How is the LUNG dataset relevant to plasma cell research?
113,What characteristics are used to identify fibroblast cell nuclei?
113,Can you provide details about the Camelyon17 dataset and its relevance?
113,What classification tasks are typically associated with fibroblast cells?
113,How does the ResNeXt model perform in analyzing fibroblast nuclei?
113,Are there other datasets available for studying fibroblast cell types?
114,What is the role of epithelial cell nuclei in histopathology?
114,Can you tell me more about the MoNuSAC dataset related to these cells?
114,What type of tasks can I perform with epithelial nuclei analysis?
114,Which models are best suited for detecting these cell types?
114,How effective is Faster R-CNN in identifying epithelial nuclei?
115,What are the characteristics of lymphocytes in pathology?
115,Can you provide details about the PanNuke dataset?
115,What segmentation tasks are relevant to lymphocytes?
115,Which models are effective for analyzing lymphocyte images?
115,How does UNet3+ perform in segmenting lymphocytes?
116,What can you tell me about the macrophage cell nuclei?
116,Which dataset is related to macrophage analysis?
116,What classification tasks can I perform with macrophage data?
116,What model is best for identifying macrophages in images?
116,Can you explain the CoNSeP dataset's relevance to macrophages?
117,What is the significance of neutrophils in histopathology?
117,Can you provide details on the LUNG dataset for analyzing neutrophils?
117,What are the specific detection tasks related to neutrophils?
117,Which model is best suited for detecting neutrophils in tissue samples?
117,How can I access and utilize the RetinaNet model for this type of analysis?
118,What types of analytical tasks can be performed with plasma cells?
118,Can you provide details about the TNBC dataset related to plasma cells?
118,Which model is recommended for segmenting plasma cells?
118,What are the characteristics of plasma cells in histopathology?
118,How does the Attn-UNet model improve segmentation of plasma cells?
119,What are fibroblast cell nuclei and their characteristics?
119,Can you tell me about the Camelyon16 dataset related to fibroblasts?
119,What detection tasks are associated with fibroblast analysis?
119,How does the YOLOv4 model perform in detecting fibroblast nuclei?
119,Are there any specific challenges in analyzing fibroblast cell types?
120,What are the characteristics of epithelial cell nuclei?
120,Which dataset is used for studying epithelial nuclei?
120,What tasks can be performed with epithelial cell analysis?
120,What model is recommended for classifying epithelial cells?
120,Are there any best practices for using the MoNuSAC dataset with MobileNet?
121,What characteristics define lymphocytes in histopathological analysis?
121,Which dataset is commonly used for studying lymphocyte nuclei?
121,What are the typical tasks associated with lymphocyte detection?
121,What model is recommended for detecting lymphocytes in images?
121,Can you describe the performance of YOLOv5 for detecting lymphocytes?
122,What characteristics define macrophage nuclei in histopathological images?
122,Which dataset contains macrophage examples and what is its name?
122,What is the primary analysis task associated with macrophages?
122,Can you provide details about the models used for analyzing macrophage nuclei?
122,How does HRNet perform in relation to macrophage segmentation tasks?
123,What is the significance of neutrophils in histopathology?
123,Which dataset is commonly used for classifying neutrophils?
123,Can you explain the classification tasks related to neutrophils?
123,What model is utilized for neutrophil analysis in this application?
123,How does VGG19 perform in recognizing neutrophils compared to other models?
124,What are the characteristics of plasma cells in histopathology?
124,Which dataset contains plasma cell images for analysis?
124,What specific detection tasks can be performed on plasma cells?
124,What deep learning models are effective for detecting plasma cells?
124,How can I access the LUNG dataset for plasma cell research?
125,What is a fibroblast and its significance in tissue structure?
125,Can you provide details about the PanNuke dataset used for studying fibroblasts?
125,What specific tasks can be performed with fibroblast nuclei in histopathology analysis?
125,How does the DeepLabV3+ model enhance the segmentation of fibroblast cells?
125,Are there any other datasets or models commonly associated with the analysis of fibroblast nuclei?
126,What characterizes epithelial cell nuclei?
126,Can you list datasets related to this cell type?
126,What is involved in the detection of epithelial nuclei?
126,Which model is recommended for analyzing epithelial nuclei?
126,Are there specific applications of YOLOv4 in this context?
127,What is the role of lymphocytes in histopathology?
127,Which dataset should I use for lymphocyte classification?
127,Can you recommend a model for analyzing lymphocytes?
127,What types of tasks can be performed with lymphocyte data?
127,How does ResNet50 perform in lymphocyte identification tasks?
128,What role do macrophages play in histopathology?
128,Can you provide details about the Camelyon16 dataset?
128,What detection tasks are associated with macrophages?
128,Which models are effective for detecting macrophages?
128,How does YOLOv3 perform in recognizing macrophages in images?
129,What is a neutrophil and its significance in histopathology?
129,Which dataset is commonly used for analyzing neutrophils?
129,What specific tasks can be performed on neutrophil images?
129,Can you describe the UNet++ model and its application in neutrophil analysis?
129,Are there any other models or datasets available for studying neutrophils?
130,What characteristics define a Plasma Cell in histopathology?
130,Which dataset is used for analyzing Plasma Cells?
130,What type of analysis can be performed on Plasma Cells?
130,What model is recommended for classifying Plasma Cells?
130,Are there other datasets available for studying Plasma Cells?
131,What characteristics define fibroblast cells in histopathological studies?
131,Can you provide details about the TNBC dataset used for fibroblast analysis?
131,Which tasks are typically performed when working with fibroblasts in tissue samples?
131,What is the SSD model and how is it applied to detecting fibroblasts?
131,Are there alternative models for identifying fibroblast cell nuclei besides SSD?
132,What characteristics define epithelial cell nuclei?
132,Which datasets are appropriate for epithelial cell analysis?
132,What tasks can be performed on epithelial nuclei images?
132,Which model is best suited for segmenting epithelial nuclei?
132,How does DenseNet perform in epithelial cell segmentation tasks?
133,What types of data are available for analyzing lymphocytes?
133,Can you describe the classification tasks related to lymphocyte analysis?
133,Which models are effective for classifying lymphocytes in histopathology?
133,How does the PanNuke dataset contribute to lymphocyte research?
133,What insights can I gain from using the Xception model on lymphocyte images?
134,What are the characteristics of macrophages in histopathology?
134,Which dataset is used for analyzing macrophages?
134,What detection techniques are applied to identify macrophages?
134,Which model is utilized for macrophage detection tasks?
134,How can the MoNuSAC dataset enhance understanding of macrophage behavior?
135,What are the characteristics of neutrophils in histopathology?
135,Which dataset is associated with the analysis of neutrophils?
135,What specific task can be performed on neutrophils?
135,What model is commonly used for segmenting neutrophils?
135,How does Camelyon17 contribute to neutrophil analysis?
136,What insights can be gained from analyzing plasma cells in histopathology?
136,Which dataset is used for plasma cell analysis?
136,What detection methods are available for identifying plasma cells?
136,How effective is YOLOv5 for detecting plasma cells?
136,Are there other models suitable for analyzing plasma cells besides YOLOv5?
137,What are the characteristics of fibroblast cell nuclei?
137,Which dataset contains fibroblast samples for analysis?
137,What type of analysis can be performed on fibroblasts?
137,Which model is recommended for classifying fibroblast nuclei?
137,How can I access the MoNuSAC dataset for fibroblast research?
138,What characteristics define epithelial cell nuclei?
138,Can you provide information on the LUNG dataset used for epithelial analysis?
138,What segmentation tasks are typically performed on epithelial nuclei?
138,Which models are effective for analyzing epithelial nuclei in histopathology?
138,How does the FPN model perform in segmenting epithelial cells?
139,What characteristics define lymphocyte cell nuclei in histopathology?
139,Can you provide details about the TNBC dataset used for lymphocyte analysis?
139,What is the primary task associated with lymphocytes in this context?
139,How does the YOLOv4 model perform in detecting lymphocytes?
139,Are there any other models suitable for analyzing lymphocyte nuclei?
140,What data is available for studying macrophages in histopathology?
140,How can I classify macrophage types in histological images?
140,Which models are effective for identifying macrophages?
140,Are there specific challenges in classifying macrophages?
140,What distinguishes EfficientNet in macrophage classification tasks?
141,What is the role of neutrophils in histopathology?
141,Can you tell me about the CoNSeP dataset related to neutrophils?
141,What segmentation tasks can be performed on neutrophils?
141,Which models are effective for analyzing neutrophils?
141,How does UNet3+ perform in segmenting neutrophils?
142,What is the role of plasma cells in histopathology?
142,Which datasets are available for studying plasma cells?
142,Can you explain the detection task related to plasma cells?
142,What models are best suited for detecting plasma cells?
142,How does Faster R-CNN work in the context of plasma cell identification?
143,What is the significance of fibroblasts in histopathology?
143,Can you describe the dataset used for studying fibroblasts?
143,What classification tasks are commonly associated with fibroblast analysis?
143,Which model is recommended for classifying fibroblast cell nuclei?
143,Are there any specific applications of Inception-V3 in fibroblast identification?
144,What are the characteristics of epithelial cell nuclei?
144,Which dataset can I use to analyze epithelial cell nuclei?
144,How can I detect epithelial nuclei in histopathological images?
144,What model is best for identifying epithelial cells in a dataset?
144,Are there any specific techniques for working with the MoNuSAC dataset?
145,What specific role do lymphocytes play in histopathological analysis?
145,Can you provide details about the LUNG dataset used for lymphocyte studies?
145,What is the primary analytical task associated with lymphocytes?
145,How does the UNet++ model perform on lymphocyte segmentation tasks?
145,Are there other models available for analyzing lymphocyte cell nuclei?
146,What role do macrophages play in histopathology analysis?
146,Can you describe the CoNSeP dataset and its relevance to macrophages?
146,What classification tasks can be performed with macrophage cell nuclei?
146,Which machine learning models are effective for analyzing macrophage data?
146,How does MobileNetV3 improve the classification of macrophages compared to other models?
147,What is a neutrophil in the context of histopathology?
147,Are there any datasets available for studying neutrophils?
147,What tasks are typically associated with neutrophil analysis?
147,Which model is most effective for detecting neutrophils?
147,How does the Camelyon17 dataset relate to neutrophil research?
148,What distinguishes Plasma Cells in histopathological analysis?
148,Which datasets are available for studying Plasma Cells?
148,What specific tasks can be performed with Plasma Cell data?
148,Can you provide details about the HRNet model and its application to Plasma Cells?
148,How does the PanNuke dataset contribute to research on Plasma Cells?
149,What characteristics define fibroblast nuclei in histopathology?
149,What is the MoNuSAC dataset used for in this context?
149,How can I classify fibroblast nuclei using this application?
149,Which model is recommended for analyzing fibroblast nuclei?
149,What are the primary applications of the ResNet101 model in this research area?
150,What types of cells fall under lymphocytes?
150,Can you tell me about the Camelyon16 dataset?
150,What is the primary task associated with lymphocyte analysis?
150,Which model is commonly used for segmenting lymphocytes?
150,How effective is DeepLabV3+ for analyzing lymphocytes?
151,What is the role of macrophages in histopathology analysis?
151,Can you provide details about the PanNuke dataset?
151,What imaging tasks are relevant for identifying macrophages?
151,Which model is commonly used for detecting macrophages?
151,How does RetinaNet perform in macrophage detection compared to other models?
152,What role do neutrophils play in lung pathology?
152,Which dataset focuses on neutrophils in lung analysis?
152,What classification tasks are associated with neutrophils?
152,Can you tell me about the VGG16 model in relation to neutrophil analysis?
152,How effective is VGG16 for classifying neutrophils in the LUNG dataset?
153,What role do plasma cells play in histopathology?
153,Can you provide information about the CoNSeP dataset related to plasma cells?
153,What segmentation methods are used for analyzing plasma cells?
153,Which models are effective for studying plasma cells in histological images?
153,How is DenseNet applied in the context of plasma cell analysis?
154,What characteristics define fibroblast cell nuclei in histopathology?
154,Can you provide information on the MoNuSAC dataset used for fibroblast analysis?
154,What specific detection tasks are conducted with fibroblast nuclei?
154,"Which model is utilized for detecting fibroblast nuclei, and what are its advantages?"
154,Are there other datasets available for studying fibroblast cell types?
155,What types of tasks can I perform with epithelial cell nuclei?
155,Which dataset is associated with epithelial cell analysis?
155,Can you recommend a model for classifying epithelial cell nuclei?
155,How does the Inception-ResNet model perform on histopathological data?
155,What insights can I gain from the Camelyon17 dataset regarding epithelial cells?
156,What can you tell me about the characteristics of lymphocytes in histopathology?
156,Which dataset focuses on TNBC for lymphocyte analysis?
156,What types of tasks are performed with lymphocytes in this context?
156,Can you explain how SSD models relate to the detection of lymphocytes?
156,Are there specific challenges in identifying lymphocytes in the TNBC dataset?
157,What type of immune cell is characterized by a lobed nucleus and often involved in phagocytosis?
157,Can you provide information on the PanNuke dataset and its relevance to macrophages?
157,What specific methods are used for segmenting macrophages in histopathology images?
157,Which deep learning model is optimized for detecting and segmenting macrophages in histological samples?
157,Are there any notable publications or applications that utilize the UNet3+ model for analyzing macrophages?
158,What is the significance of neutrophils in histopathology?
158,Can you provide details about the MoNuSAC dataset for neutrophils?
158,What are the primary tasks associated with analyzing neutrophil cell nuclei?
158,How does EfficientNet perform in classifying neutrophils?
158,Are there any other models used for neutrophil classification beyond EfficientNet?
159,What are the distinguishing features of plasma cells in histopathology?
159,How can I utilize the Camelyon16 dataset for plasma cell identification?
159,What type of detection tasks can be performed on plasma cells?
159,Which algorithms or models are recommended for detecting plasma cells?
159,Can you provide examples of plasma cell analysis using YOLOv5?
160,What is the role of fibroblasts in histopathology?
160,Can you provide details about the PanNuke dataset related to fibroblasts?
160,What segmentation tasks are associated with fibroblast analysis?
160,Which models are most effective for studying fibroblast nuclei?
160,How does the FPN model perform in the context of fibroblast segmentation?
161,What characteristics define epithelial cell nuclei?
161,Which dataset is specifically used for epithelial nuclei analysis?
161,What type of analysis can be performed on epithelial cell nuclei?
161,What models are commonly used for detecting epithelial nuclei?
161,How does the Faster R-CNN model apply to epithelial cell identification?
162,What is the role of lymphocytes in histopathology?
162,Can I find datasets related to lung tissue analysis?
162,What classification tasks are available for lymphocyte identification?
162,Which model is recommended for analyzing lymphocytes?
162,How does DenseNet perform in lymphocyte classification tasks?
163,What are the characteristics of macrophage nuclei in histopathology?
163,Can you provide details about the PanNuke dataset used for macrophage analysis?
163,What specific segmentation tasks can be performed on macrophages?
163,"Which models, especially HRNet, are recommended for studying macrophage nuclei?"
163,How does the performance of HRNet compare in macrophage segmentation tasks?
164,What is the role of neutrophils in histopathology?
164,Which dataset features neutrophil analysis for detection tasks?
164,Can you explain the SSD model used for detecting neutrophils?
164,Are there any other datasets besides Camelyon17 that include neutrophils?
164,What specific detection tasks can be performed using the neutrophil data?
165,What characteristics are used to identify plasma cells in histopathology?
165,Which dataset focuses on the analysis of plasma cells?
165,What kind of task is associated with studying plasma cells?
165,What model architecture is used for classifying plasma cells?
165,How is the MoNuSAC dataset structured for analyzing plasma cells?
166,What characteristics define fibroblast cell nuclei?
166,Can you provide more details about the TNBC dataset?
166,What specific segmentation tasks can be performed with fibroblast nuclei?
166,How does DeepLabV3+ improve the segmentation of fibroblast nuclei?
166,Are there any other models suitable for analyzing fibroblast nuclei?
167,What is the significance of epithelial cell nuclei in histopathology?
167,Which dataset is associated with epithelial cell nuclei analysis?
167,What specific tasks can be performed related to epithelial nuclei detection?
167,Which model is best suited for detecting epithelial nuclei?
167,How does the YOLOv3 model perform in identifying epithelial cells in lung datasets?
168,What is the role of macrophages in tissue analysis?
168,Can you provide datasets for macrophage studies?
168,What techniques are available for segmenting macrophage nuclei?
168,Which models are effective for identifying macrophages in images?
168,How does the CoNSeP dataset assist in macrophage research?
169,What are the key characteristics of neutrophils in histopathological analysis?
169,Can you provide details about the Camelyon16 dataset related to neutrophils?
169,What specific detection tasks can neutrophils be used for in studies?
169,How does the Faster R-CNN model perform in identifying neutrophils?
169,Are there other datasets that include neutrophil analysis alongside Camelyon16?
170,What are the characteristics of Plasma Cells in histopathology?
170,Can you recommend datasets that include Plasma Cells?
170,What specific task is associated with Plasma Cell analysis?
170,Which model is best suited for segmenting Plasma Cells?
170,How does DenseUNet perform in segmenting Plasma Cells?
171,What are the characteristics of fibroblast nuclei in histopathology?
171,Which datasets can I use to study fibroblast cell types?
171,What tasks can be performed related to fibroblast classification?
171,How does the ResNet50 model apply to fibroblast analysis?
171,Are there any specific challenges in classifying fibroblast nuclei?
172,What is the significance of epithelial cell nuclei in histopathology?
172,Can you explain the Camelyon17 dataset and its relevance to this nuclei type?
172,What are the primary tasks associated with epithelial cell nuclei analysis?
172,How does the YOLOv5 model perform detection for epithelial cells?
172,What are the challenges in detecting epithelial nuclei in histological images?
173,What characteristics define lymphocytes in histopathology?
173,Which dataset is available for studying lymphocyte segmentation?
173,What tasks can be accomplished using lymphocyte data?
173,Could you provide details about the models suitable for lymphocyte analysis?
173,How effective is PSPNet for segmenting lymphocytes in lung tissue?
174,What role do macrophages play in analyzing TNBC datasets?
174,How can I classify macrophage nuclei using EfficientNet-B0?
174,Are there specific challenges in identifying macrophages in histopathology?
174,What other tasks can be performed with macrophage data besides classification?
174,Is EfficientNet-B0 the best model for studying macrophages in TNBC?
175,What is the role of neutrophils in histopathology?
175,Can you provide information about the MoNuSAC dataset for neutrophils?
175,What detection tasks are associated with neutrophils?
175,Which models are suitable for detecting neutrophils in imaging?
175,How does YOLOv4 perform in neutrophil detection tasks?
176,What are the characteristics of plasma cells in histopathology?
176,Which dataset is commonly used for studying plasma cells?
176,What tasks can be performed related to plasma cell analysis?
176,Which model is suitable for segmenting plasma cells in images?
176,How does the DeepLabV3+ model work for plasma cell segmentation?
177,What characteristics define fibroblast cell nuclei in histopathological studies?
177,Which dataset can I use to study fibroblast nuclei?
177,What classification tasks are commonly associated with fibroblast detection?
177,Can you recommend a model for analyzing fibroblast nuclei?
177,How does NASNet perform in classifying fibroblast cell types?
178,What are the characteristics of epithelial cell nuclei?
178,Can you provide information about the PanNuke dataset for epithelial nuclei?
178,What specific detection tasks are associated with epithelial cell nuclei?
178,Which models are most effective for detecting epithelial nuclei?
178,How does the SSD model perform in analyzing epithelial cell types?
179,What characteristics define lymphocytes in histopathological studies?
179,Which datasets include lymphocyte data for analysis?
179,What specific tasks can be performed with lymphocyte images?
179,How does the UNet3+ model enhance lymphocyte segmentation?
179,Are there any alternative models for analyzing lymphocytes besides UNet3+?
180,What is the function of macrophages in lung tissues?
180,Which dataset is used for classifying macrophages?
180,What type of machine learning task involves macrophages?
180,What model architecture is employed for macrophage classification?
180,How can I access the LUNG dataset for research on macrophages?
181,What characteristics define plasma cells in histopathological studies?
181,Can you provide details about the MoNuSAC dataset and its applications?
181,What processes are involved in the segmentation task for plasma cells?
181,Which models are recommended for analyzing plasma cells in this context?
181,How does the FPN model perform specifically in plasma cell segmentation?
182,What are the key characteristics of fibroblast nuclei?
182,Which dataset is specifically used for analyzing fibroblast nuclei?
182,What classification tasks can be performed related to fibroblast nuclei?
182,What model architecture is best suited for fibroblast nuclei classification?
182,How does Inception-V4 perform on fibroblast classification tasks?
183,What is the significance of Epithelial cell nuclei in histopathology?
183,Can you provide details about the TNBC dataset related to Epithelial cells?
183,What specific detection tasks are associated with Epithelial cell nuclei?
183,How effective is the RetinaNet model for identifying Epithelial nuclei?
183,Are there other datasets besides TNBC that include Epithelial cell types?
184,What characteristics define lymphocytes in histopathological studies?
184,Can you provide details on the Camelyon16 dataset related to lymphocytes?
184,What specific image analysis tasks are involved with lymphocyte evaluation?
184,Which models are commonly used for lymphocyte segmentation tasks in histopathology?
184,How does EfficientNet-B1 perform in lymphocyte segmentation compared to other models?
185,What is the role of macrophages in histopathology?
185,Can you provide information about the MoNuSAC dataset?
185,What kind of classification tasks are associated with macrophages?
185,How does the ResNeXt model perform in macrophage analysis?
185,Are there any other models used for macrophage classification?
186,What characteristics define neutrophils in histopathological images?
186,Which dataset is used for training models on neutrophil detection?
186,Can you explain the detection process for neutrophils?
186,What type of model is utilized for identifying neutrophils in tissue samples?
186,Are there specific challenges associated with detecting neutrophils in histological studies?
187,What is a plasma cell and its role in histopathology?
187,Can you explain the PanNuke dataset and its relevance to plasma cells?
187,What specific segmentation tasks can be performed with plasma cells?
187,Which model is recommended for analyzing plasma cells in histological images?
187,How does UNet++ improve the segmentation of plasma cell nuclei compared to other models?
188,What is the role of fibroblast nuclei in lung tissues?
188,Can you provide details about the lung dataset used for fibroblast analysis?
188,What classification tasks are associated with fibroblast nuclei?
188,Which models are effective for identifying fibroblast nuclei?
188,How does VGG19 perform in classifying fibroblast types in histopathology?
189,What characteristics define epithelial cell nuclei in histopathology?
189,Can you provide details about the Camelyon17 dataset related to epithelial cells?
189,What specific detection tasks can be performed on epithelial nuclei?
189,How does YOLOv4 perform in detecting epithelial cell types?
189,Are there other datasets available for analyzing epithelial nuclei besides Camelyon17?
190,What characteristics define lymphocytes in histopathology?
190,Can you provide information about the TNBC dataset related to lymphocytes?
190,What are the segmentation tasks associated with lymphocytes?
190,Which models are effective for analyzing lymphocyte nuclei?
190,How does PSPNet perform in segmenting lymphocyte cells?
191,What is the role of neutrophils in histopathology?
191,Which dataset is commonly used for studying neutrophils?
191,What task is primarily associated with neutrophil analysis?
191,What type of model can be used for detecting neutrophils?
191,How does MoNuSAC facilitate neutrophil research?
192,What characteristics define a Plasma Cell in histopathology?
192,Can you tell me about the CoNSeP dataset used for Plasma Cell research?
192,What are the primary applications for segmenting Plasma Cells?
192,How does HRNet perform in relation to Plasma Cell identification?
192,Are there specific challenges when working with Plasma Cell data in segmentation tasks?
193,What characteristics define fibroblast cell nuclei?
193,Which dataset is used for studying fibroblasts?
193,What type of analysis is performed on fibroblast nuclei?
193,Can you recommend a model for classifying fibroblast nuclei?
193,How does Inception-ResNet perform with fibroblast datasets?
194,What is the significance of epithelial cell nuclei in histopathology?
194,Can you provide information on datasets related to lung epithelial cells?
194,What are the main challenges in detecting epithelial cell nuclei?
194,How does the YOLOv5 model perform in identifying epithelial nuclei?
194,Are there alternative models for detecting epithelial nuclei in lung samples?
195,What types of tasks can be performed with Lymphocyte nuclei?
195,Which dataset is utilized for analyzing Lymphocyte nuclei?
195,What is the primary model used for classifying Lymphocyte cells?
195,Can you explain the classification task related to Lymphocyte nuclei?
195,Are there other models available for Lymphocyte classification beyond ResNet101?
196,What is the role of macrophages in histopathology?
196,Can you provide details about the TNBC dataset for macrophage analysis?
196,What segmentation tasks can be performed on macrophages?
196,Which deep learning models are effective for analyzing macrophage images?
196,How is DeepLabV3+ utilized in the segmentation of macrophage nuclei?
197,What is the role of neutrophils in histopathology?
197,Can you recommend datasets that include neutrophil analysis?
197,What classification tasks are associated with neutrophils?
197,Which model is used for analyzing neutrophils in the MoNuSAC dataset?
197,How does the Xception model perform in neutrophil classification?
198,"What is a plasma cell, and what role does it play in histopathology?"
198,Can you provide details about the Camelyon17 dataset and its relevance to plasma cells?
198,What specific detection tasks are involved in analyzing plasma cells?
198,How does the YOLOv3 model perform in detecting plasma cells within histopathological images?
198,Are there other datasets or models available for studying plasma cells?
199,What characteristics define epithelial cell nuclei?
199,Can you provide details on the CoNSeP dataset?
199,What specific tasks can be performed related to epithelial cells?
199,How does MobileNetV3 function for analyzing epithelial nuclei?
199,Are there any performance metrics available for epithelial cell classification?
200,What is the role of lymphocytes in histopathology?
200,Which dataset includes lymphocyte data for analysis?
200,What tasks are commonly associated with lymphocyte detection?
200,What model is utilized for detecting lymphocytes in images?
200,Can you explain how RetinaNet is effective for lymphocyte detection?
201,What are the main characteristics of macrophages in histopathology?
201,Which dataset is primarily used for macrophage analysis?
201,What specific task is associated with studying macrophages in this context?
201,Can you provide details about the UNet++ model for macrophage segmentation?
201,How can I access the PanNuke dataset for macrophage research?
202,What role do neutrophils play in histopathological analysis?
202,Can you explain the Camelyon16 dataset and its relevance to neutrophils?
202,What classification tasks are typically associated with neutrophil analysis?
202,How does EfficientNet-B2 perform in identifying neutrophils?
202,Are there other models used for classifying neutrophils apart from EfficientNet-B2?
203,What characteristics define plasma cells in histopathology?
203,Can you recommend datasets for plasma cell analysis?
203,What are the primary tasks associated with studying plasma cells?
203,How does YOLOv5 perform in detecting plasma cells?
203,Are there other models suitable for plasma cell identification?
204,What characteristics define fibroblast nuclei?
204,Which dataset contains information on fibroblasts?
204,What type of analysis can be performed on fibroblast cell nuclei?
204,What model is utilized for segmenting fibroblast cells?
204,Are there specific applications of fibroblast segmentation in histopathology?
205,What is the significance of epithelial cell nuclei in cancer research?
205,Can you provide details about the TNBC dataset related to epithelial cells?
205,What tasks are associated with epithelial nucleus detection?
205,Which models are effective for detecting epithelial cell nuclei?
205,How does the SSD model perform in analyzing epithelial cell types?
206,What is the role of macrophages in histopathology?
206,Which dataset is used for analyzing macrophage nuclei?
206,What type of analytical tasks are associated with macrophages?
206,What model is recommended for classifying macrophages?
206,How can I obtain data on macrophages from the LUNG dataset?
207,What is the function of neutrophils in histopathology?
207,Which dataset contains information on neutrophil detection?
207,What tasks can be performed with neutrophil data?
207,Which model is best suited for identifying neutrophils?
207,How does the Camelyon17 dataset relate to neutrophil analysis?
208,What is the role of fibroblasts in tissue structure?
208,Can you provide details about the MoNuSAC dataset?
208,What classification tasks can be performed with fibroblast nuclei?
208,Which models are effective for analyzing fibroblast types?
208,How does ResNeXt perform in classifying fibroblast cell nuclei?
209,What is the significance of epithelial cell nuclei in lung analysis?
209,Which datasets are available for studying epithelial nuclei?
209,What specific detection tasks involve epithelial nuclei?
209,Can you tell me about the models used for analyzing epithelial nuclei?
209,How does YOLOv4 perform in detecting epithelial cells?
210,What are the defining characteristics of lymphocytes in histopathology?
210,Can you provide details about the PanNuke dataset for lymphocyte analysis?
210,What segmentation techniques are commonly used for lymphocytes?
210,How does EfficientNet perform in lymphocyte segmentation tasks?
210,Are there specific applications for lymphocyte segmentation in medical research?
211,What is the histological role of macrophages in tissue samples?
211,Can you provide details about the Camelyon16 dataset related to macrophages?
211,What specific methods are used for detecting macrophages?
211,Which detection models are compatible with macrophage analysis?
211,How do macrophages influence the results in histopathology studies?
212,What is the role of neutrophils in histopathology?
212,Can you provide details about the MoNuSAC dataset?
212,What kind of tasks are associated with analyzing neutrophils?
212,Which models are effective for classifying neutrophils?
212,How does Inception-V3 perform in neutrophil classification tasks?
213,What specific dataset is used for studying plasma cells?
213,Which task is associated with analyzing plasma cells in histopathology?
213,Can you tell me about the model available for plasma cell segmentation?
213,What is the primary focus of the CoNSeP dataset?
213,How does DenseUNet perform in the context of plasma cell segmentation?
214,What is the significance of fibroblasts in histopathology?
214,Can you provide details about the Camelyon17 dataset related to fibroblasts?
214,What specific detection tasks can be performed for fibroblasts?
214,How does YOLOv5 apply to fibroblast detection?
214,Are there any other models used for identifying fibroblasts in datasets?
215,What types of cells are categorized as epithelial?
215,Can you provide information about the TNBC dataset?
215,What specific task is involved in analyzing epithelial cell nuclei?
215,Which model is used for classifying epithelial nuclei?
215,How effective is the Xception model for this task?
216,What role do lymphocytes play in histopathology?
216,Can you provide details about the LUNG dataset used for lymphocyte analysis?
216,What specific detection tasks are associated with lymphocytes?
216,How does the YOLOv3 model perform for lymphocyte detection?
216,Are there other models available for studying lymphocytes besides YOLOv3?
217,What are the characteristics of macrophage nuclei in histopathology?
217,Can you provide details about the PanNuke dataset related to macrophages?
217,What specific segmentation tasks are involved with macrophage analysis?
217,Which models are effective for analyzing macrophage nuclei?
217,How does DeepLabV3+ approach the segmentation of macrophages?
218,What is the primary function of neutrophils in histopathology?
218,Can you provide details about the CoNSeP dataset and its relevance?
218,What classification tasks are best suited for neutrophil identification?
218,Which model architecture is used for analyzing neutrophils in this context?
218,How does EfficientNet-B3 perform compared to other models for this task?
219,What type of tasks can be performed with plasma cells in histopathology?
219,Can you provide details on the MoNuSAC dataset related to plasma cells?
219,Which model is used for detecting plasma cells in histopathological images?
219,How is RetinaNet applied in the analysis of plasma cell nuclei?
219,What are the key features of the plasma cell type in histological studies?
220,What is the significance of epithelial cell nuclei in histopathology?
220,Can you provide more information about the Camelyon16 dataset?
220,What classification tasks are associated with epithelial nuclei?
220,Which model is used for analyzing epithelial cell nuclei data?
220,How is DenseNet applied in the context of epithelial nuclei classification?
221,What is the primary function of neutrophils in histopathology?
221,Which dataset is utilized for neutrophil analysis?
221,What classification tasks can neutrophils be involved in?
221,Which model is recommended for studying neutrophils?
221,How does MobileNet perform in classifying different cell types?
222,What characteristics define fibroblast nuclei in histopathology?
222,Can you provide information about the CoNSeP dataset?
222,What segmentation tasks can be performed with fibroblast nuclei?
222,Which models are used for analyzing fibroblasts in images?
222,How effective is UNet++ for segmenting fibroblast nuclei?
223,What characteristics define epithelial cell nuclei?
223,Can you tell me about the Camelyon17 dataset related to epithelial cells?
223,What classification tasks can be performed on epithelial cell nuclei?
223,"Which models, such as ResNet101, are effective for analyzing epithelial nuclei?"
223,How is ResNet101 used in classifying epithelial cell types?
224,What are the primary characteristics of lymphocytes in histopathology?
224,Which dataset can I use for analyzing lymphocyte nuclei?
224,What detection tasks are related to lymphocytes?
224,Which model is recommended for detecting lymphocyte nuclei?
224,Are there specific features of the PanNuke dataset that enhance lymphocyte analysis?
225,What characteristics define macrophage nuclei in histopathology?
225,Can you provide details about the TNBC dataset and its relevance to macrophages?
225,What specific segmentation tasks are associated with macrophage analysis?
225,How does the HRNet model perform in analyzing macrophage nuclei?
225,Are there any challenges in segmenting macrophages in TNBC samples?
226,What characteristics define neutrophils in histopathology?
226,Can you provide details about the MoNuSAC dataset?
226,What classification methods are applicable for analyzing neutrophils?
226,How does the EfficientNet-B0 model perform on neutrophil detection?
226,Are there any challenges associated with neutrophil classification in the available datasets?
227,What are the characteristics of Plasma Cells in histopathology?
227,Which dataset is used for analyzing Plasma Cells?
227,What specific task can be performed with Plasma Cells in this dataset?
227,What model is utilized for detecting Plasma Cells?
227,How does YOLOv4 perform in the detection of Plasma Cells from lung samples?
228,What is the specific role of fibroblasts in tissue analysis?
228,Can you provide details about the Camelyon16 dataset used for studying fibroblasts?
228,What segmentation tasks can be performed on fibroblast cell nuclei?
228,Which model is best suited for fibroblast segmentation and why?
228,Are there any other datasets that include fibroblast nuclei for analysis?
229,What are the characteristics of epithelial cell nuclei?
229,Which dataset is used for analyzing epithelial cells?
229,What is the primary task associated with epithelial nuclei in this context?
229,Can you explain how YOLOv3 is utilized for detecting these nuclei?
229,Are there other models available for epithelial cell nuclei analysis?
230,What role do lymphocytes play in histopathological studies?
230,Can you provide details about the CoNSeP dataset related to lymphocytes?
230,What classification tasks are commonly performed involving lymphocytes?
230,How does Inception-V4 model perform in classifying lymphocyte types?
230,Are there any other datasets for lymphocyte analysis aside from CoNSeP?
231,What is the role of macrophages in lung tissue?
231,Which datasets contain information on macrophages?
231,Can you explain the segmentation task related to macrophages?
231,What models are commonly used for analyzing macrophages?
231,How does DeepLabV3+ perform in macrophage segmentation compared to other models?
232,What role do neutrophils play in histopathology?
232,Can you provide details about the Camelyon17 dataset?
232,What is the primary task associated with neutrophil analysis?
232,How does RetinaNet function for detecting neutrophils?
232,Are there other models available for analyzing neutrophils in histopathological images?
233,What characterizes plasma cells in histopathology?
233,Can you provide details about the MoNuSAC dataset related to plasma cells?
233,What segmentation tasks can be performed on plasma cell images?
233,Which models are suitable for analyzing plasma cells in histopathology?
233,How does UNet++ improve segmentation accuracy for plasma cells?
234,What are the features of fibroblasts in histopathological studies?
234,Can you provide examples of datasets that include fibroblast nuclei?
234,What classification tasks are typically associated with fibroblast nuclei?
234,Which models are commonly used for analyzing fibroblast nuclei?
234,How effective is the Xception model for fibroblast classification?
235,What are the characteristics of lymphocytes in histopathology?
235,Can you provide details about the LUNG dataset used for analyzing lymphocytes?
235,What specific segmentation tasks are related to lymphocyte analysis?
235,Which model architecture is applied for lymphocyte segmentation?
235,How effective is the FPN model in differentiating lymphocyte types?
236,What are the characteristics of neutrophils in histopathology?
236,Which dataset is commonly used for studying neutrophils?
236,What specific task can be performed with neutrophil detection?
236,Can you tell me about the YOLOv5 model in relation to neutrophil analysis?
236,How effective is the CoNSeP dataset for training models on neutrophil detection?
237,What are the characteristics of plasma cells in tissue samples?
237,Can you provide details about the Camelyon16 dataset used for plasma cell analysis?
237,What are the segmentation tasks involving plasma cells?
237,"Which models are effective for analyzing plasma cells, specifically HRNet?"
237,How is the performance of HRNet in plasma cell detection compared to other models?
238,What is the role of macrophages in histopathology?
238,Which dataset is used for studying macrophages?
238,What type of analysis is performed on macrophages?
238,Can you tell me about the models used for detecting macrophages?
238,How does the Camelyon17 dataset facilitate macrophage detection?
239,What is a plasma cell and its role in histopathology?
239,Can you provide details about the PanNuke dataset related to plasma cells?
239,What kind of segmentation tasks can be performed on plasma cell images?
239,"Which models are available for analyzing plasma cells, specifically known models?"
239,How does DenseNet work for the segmentation of plasma cells in histopathological images?
240,What characteristics define fibroblast nuclei in histopathology?
240,Can you list datasets that include fibroblast nuclei images?
240,What detection tasks are commonly performed with fibroblast cells?
240,Which models are effective for detecting fibroblast nuclei?
240,How does the Faster R-CNN model compare in performance for fibroblast detection?
241,What are the characteristics of epithelial nuclei?
241,Can you provide details on the lung dataset used for analysis?
241,What classification tasks are associated with epithelial cell nuclei?
241,Which models are suitable for classifying epithelial cells?
241,How does MobileNetV3 perform in the context of epithelial analysis?
242,What specific characteristics define lymphocytes in histopathological images?
242,Can you provide details about the TNBC dataset used for lymphocyte detection?
242,What tasks can be performed using lymphocytes in cell analysis?
242,How effective is the YOLOv3 model in detecting lymphocytes?
242,Are there alternative models available for lymphocyte detection beyond YOLOv3?
243,What are the characteristics of epithelial cells in histopathology?
243,Can you provide details about the CoNSeP dataset?
243,What classification tasks can be performed on epithelial nuclei?
243,Which models are best suited for analyzing epithelial cell types?
243,How does NASNet perform in the context of epithelial cell classification?
244,What is a lymphocyte and its significance in histopathology?
244,Can you provide details on the MoNuSAC dataset for lymphocytes?
244,What methods are available for detecting lymphocytes in images?
244,How does YOLOv3 perform in detecting lymphocytes compared to other models?
244,Are there any recent studies or findings related to lymphocyte detection in histopathology?
245,What are the characteristics and functions of neutrophils?
245,Can you tell me about the Camelyon16 dataset and its significance?
245,What kind of classification tasks are commonly performed with neutrophils?
245,How does the EfficientNet-B1 model work for analyzing neutrophils?
245,Are there specific challenges in identifying neutrophils in histopathology images?
246,What specific characteristics define plasma cells in histopathology?
246,Is there a dataset available for analyzing lung-related plasma cells?
246,What are the main objectives when detecting plasma cells in histopathological studies?
246,Which machine learning models are effective for identifying plasma cells?
246,Can you provide examples of lung datasets that include plasma cell annotations?
247,What are the characteristics of fibroblast nuclei?
247,Which dataset is commonly used for fibroblast analysis?
247,What is the primary task associated with fibroblast nuclei in research?
247,Can you recommend a model used for segmenting fibroblast cells?
247,How is the Camelyon17 dataset relevant to fibroblast studies?
248,What are the characteristics of epithelial cell nuclei?
248,Can you provide details about the TNBC dataset used for analyzing epithelial cells?
248,What classification tasks are relevant for epithelial cell nuclei?
248,Which models are commonly used for epithelial cell analysis?
248,How does DenseNet perform in classifying epithelial nuclei in the TNBC dataset?
249,What specific characteristics define lymphocytes in histopathological studies?
249,Can you provide more details about the MoNuSAC dataset and its usage?
249,What techniques are commonly used for segmenting lymphocyte cell nuclei?
249,How does the UNet++ model perform in analyzing lymphocytes?
249,Are there any other models suitable for lymphocyte segmentation beyond UNet++?
250,What is a macrophage and its role in histopathology?
250,Which dataset is suitable for studying macrophages?
250,What detection tasks can be performed with macrophage images?
250,What model is recommended for detecting macrophages in images?
250,Are there any specific features of YOLOv4 that aid in macrophage detection?
251,What features define neutrophils in histopathology?
251,Can you provide information on the CoNSeP dataset?
251,What classification tasks are typically performed with neutrophil data?
251,Which models are best suited for analyzing neutrophils?
251,How does MobileNet perform in classifying neutrophils?
252,What characteristics define plasma cells in histopathology?
252,Which datasets are available for studying plasma cells?
252,What kind of analysis tasks can be performed with plasma cells?
252,What models are recommended for segmenting plasma cells in images?
252,How does DeepLabV3+ facilitate the segmentation of lung plasma cells?
253,What are the characteristics of fibroblast nuclei in histopathology?
253,Can you provide information on the Camelyon16 dataset and its relevance to fibroblast detection?
253,What specific detection tasks are typically associated with fibroblast nuclei?
253,Which model is most effective for detecting fibroblast nuclei in histological images?
253,How does YOLOv5 perform in identifying fibroblast cells in the given dataset?
254,What kind of cells are categorized as epithelial?
254,Which dataset is specifically designed for analyzing epithelial nuclei?
254,What types of analysis are performed on epithelial cells in PanNuke?
254,Can you tell me about the model used for classifying epithelial nuclei?
254,How effective is the Xception model in identifying different types of epithelial cells?
255,What are the characteristics of lymphocyte cell nuclei?
255,Which dataset is primarily used for lymphocyte detection?
255,What specific detection tasks can be performed on lymphocytes?
255,What type of model is utilized for detecting lymphocytes?
255,How can I access the CoNSeP dataset for my analysis?
256,What is the role of macrophages in histopathological analysis?
256,Which dataset is used for studying macrophage nuclei?
256,What segmentation techniques are applicable to macrophages?
256,Can you provide details about the UNet3+ model for macrophage analysis?
256,What are the key characteristics of the MoNuSAC dataset?
257,What is the role of neutrophils in the immune response?
257,Can you provide information on the LUNG dataset used for analyzing neutrophils?
257,What types of tasks can be performed for neutrophils in histopathology?
257,How effective is the Inception-ResNet model for identifying neutrophils?
257,Are there any specific challenges when classifying neutrophils in lung tissue samples?
258,What are the characteristics of plasma cells in histopathology?
258,Can you provide information about the PanNuke dataset used for plasma cells?
258,What specific detection tasks are associated with plasma cells?
258,"Which models are effective for detecting plasma cells, and how does YOLOv3 perform?"
258,Are there any alternative datasets for studying plasma cells beyond PanNuke?
